Index,CH_Id,ToA_ns,ToT_ns
1,3,227.0,8.5
1,16,218.0,27.0
1,17,227.0,13.0
1,18,217.0,33.0
2,15,216.5,29.5
2,16,221.0,16.5
2,17,212.5,36.0
2,18,222.5,15.0
3,7,223.5,29.5
3,16,224.0,25.0
3,17,224.5,27.0
3,18,225.0,27.0
4,7,221.0,26.5
4,16,221.0,23.5
4,17,224.0,23.0
4,18,222.0,24.5
5,14,228.5,9.0
5,16,223.5,19.5
5,17,216.5,39.5
5,18,227.0,16.0
6,5,225.5,25.5
6,16,224.5,24.5
6,17,229.0,19.5
6,18,222.5,34.0
7,12,217.5,28.0
7,16,221.0,20.5
7,17,217.0,30.0
7,18,226.0,13.5
8,13,222.0,25.5
8,16,223.5,22.5
8,17,218.5,35.5
8,18,226.5,18.5
9,6,222.5,38.0
9,16,225.0,22.0
9,17,227.5,20.5
9,18,224.0,31.0
10,11,222.5,46.5
10,16,225.5,28.0
10,17,224.0,33.5
10,18,227.0,25.5
11,11,221.0,35.0
11,16,225.0,20.5
11,17,221.0,32.0
11,18,225.5,23.0
12,14,218.5,30.5
12,16,223.0,18.0
12,17,216.0,34.5
12,18,227.5,12.0
13,9,222.0,30.0
13,16,225.5,23.0
13,17,224.5,28.0
13,18,225.5,25.0
14,7,227.0,27.0
14,16,226.5,28.0
14,17,227.5,27.0
14,18,225.5,33.0
15,5,224.0,26.5
15,16,222.5,28.0
15,17,222.0,35.0
15,18,220.5,41.0
16,9,215.5,28.0
16,16,225.0,8.0
16,17,215.0,32.0
16,18,217.0,26.0
17,14,214.0,29.5
17,16,222.0,12.5
17,17,212.5,33.5
17,18,225.5,10.5
18,3,220.5,29.0
18,16,221.5,27.0
18,17,229.0,15.5
18,18,220.5,33.5
19,7,220.5,37.5
19,16,225.0,21.5
19,17,226.0,22.0
19,18,224.5,24.5
20,6,224.5,31.0
20,16,226.5,24.5
20,17,226.0,30.0
20,18,223.0,44.5
21,4,216.0,34.0
21,16,217.0,25.5
21,17,229.5,5.5
21,18,215.5,33.5
22,3,226.0,14.0
22,16,221.5,24.5
22,17,226.5,16.0
22,18,218.5,32.0
23,6,217.0,32.5
23,16,222.0,16.0
23,17,222.5,22.5
23,18,219.0,28.0
24,11,220.5,32.0
24,16,224.5,20.5
24,17,220.0,33.0
24,18,224.5,23.0
25,11,220.0,35.5
25,16,223.5,25.0
25,17,221.5,33.0
25,18,224.0,27.0
26,3,218.0,34.0
26,16,219.5,27.0
26,17,228.0,14.5
26,18,219.0,34.0
27,13,218.5,35.0
27,16,227.0,10.0
27,17,218.0,32.5
27,18,228.0,11.5
28,8,226.0,27.5
28,16,227.0,23.0
28,17,228.0,25.5
28,18,227.0,26.0
29,10,227.0,23.5
29,16,226.5,22.0
29,17,225.0,33.0
29,18,228.0,22.5
30,13,217.5,51.0
30,16,225.0,19.0
30,17,218.5,38.0
30,18,224.5,23.0
31,6,229.0,14.0
31,16,226.5,19.0
31,17,229.0,19.0
31,18,224.5,26.5
32,8,219.0,33.0
32,16,227.5,13.0
32,17,222.0,24.5
32,18,222.0,28.0
33,7,228.0,18.0
33,16,225.5,23.5
33,17,227.5,24.0
33,18,225.5,28.0
34,10,220.5,27.5
34,16,222.5,23.5
34,17,219.0,32.0
34,18,221.5,26.0
35,14,216.0,26.0
35,16,217.0,22.0
35,17,213.0,35.0
35,18,226.0,7.0
36,7,218.0,28.5
36,16,219.5,24.0
36,17,222.5,18.5
36,18,220.0,24.0
37,4,229.5,8.5
37,16,222.5,24.5
37,17,228.5,14.5
37,18,221.5,28.0
38,6,219.0,32.0
38,16,217.5,35.0
38,17,227.5,13.5
38,18,219.5,30.0
39,2,216.5,33.5
39,16,215.0,47.0
39,17,224.0,19.5
39,18,215.5,42.0
40,4,218.5,27.5
40,16,219.0,26.0
40,17,225.0,18.0
40,18,218.0,30.5
41,5,227.5,26.5
41,16,227.0,26.0
41,17,228.0,27.0
41,18,225.5,34.5
42,11,218.5,32.0
42,16,217.5,37.5
42,17,218.0,32.0
42,18,224.0,22.0
43,6,221.5,25.0
43,16,220.5,28.0
43,17,224.0,21.5
43,18,220.0,32.0
44,3,212.5,37.0
44,16,219.5,17.0
44,17,222.5,16.0
44,18,214.0,32.5
45,14,217.5,23.0
45,16,219.0,24.0
45,17,214.0,36.5
45,18,227.5,10.0
46,8,219.5,28.0
46,16,225.5,14.0
46,17,222.0,23.5
46,18,222.0,23.5
47,8,216.5,30.0
47,16,221.0,18.0
47,17,226.0,10.0
47,18,221.5,18.0
48,8,222.0,32.5
48,16,227.0,17.0
48,17,224.0,28.0
48,18,225.5,24.5
49,6,224.0,40.0
49,16,227.5,23.5
49,17,227.0,30.0
49,18,224.5,37.5
50,4,221.5,29.5
50,16,223.0,23.0
50,17,228.0,18.0
50,18,221.5,27.5
51,9,224.5,31.5
51,16,227.0,24.0
51,17,228.0,24.0
51,18,229.0,25.0
52,9,222.5,28.0
52,16,228.0,18.5
52,17,223.0,29.5
52,18,227.5,20.0
53,5,219.5,23.0
53,16,224.0,12.5
53,17,220.0,23.0
53,18,218.0,31.5
54,6,226.0,33.5
54,16,225.5,29.0
54,17,229.5,23.5
54,18,226.5,31.0
55,2,222.0,27.0
55,16,221.0,27.0
55,17,229.5,14.0
55,18,220.5,32.0
56,8,221.0,30.5
56,16,229.5,8.5
56,17,225.0,22.0
56,18,224.5,23.5
57,12,214.5,23.0
57,16,222.0,11.0
57,17,213.5,30.0
57,18,224.5,10.5
58,9,219.0,43.5
58,16,222.5,28.0
58,17,220.5,36.5
58,18,222.5,30.5
59,4,219.0,29.5
59,16,218.0,29.5
59,17,228.0,11.5
59,18,218.5,29.5
60,13,219.5,42.0
60,16,225.5,18.5
60,17,220.0,34.0
60,18,228.5,16.0
61,12,220.0,27.0
61,16,223.0,20.0
61,17,217.5,36.0
61,18,226.0,18.0
62,4,221.0,26.5
62,16,220.5,26.5
62,17,227.5,15.0
62,18,219.0,32.0
63,5,219.0,29.5
63,16,220.5,21.0
63,17,223.5,21.0
63,18,218.5,31.0
64,11,219.5,31.0
64,16,227.0,11.5
64,17,219.5,29.0
64,18,227.5,16.0
65,13,221.0,27.0
65,16,224.0,19.0
65,17,218.5,34.0
65,18,227.0,16.5
66,7,221.5,32.0
66,16,223.5,22.0
66,17,230.0,12.5
66,18,224.0,26.0
67,4,226.0,38.5
67,16,226.5,30.0
67,17,229.0,28.5
67,18,226.0,37.0
68,11,229.0,20.5
68,16,229.5,16.0
68,17,225.0,29.0
68,18,228.5,21.5
69,9,219.5,31.0
69,16,223.5,20.0
69,17,221.5,29.5
69,18,223.0,22.0
70,13,215.0,31.0
70,16,223.5,12.5
70,17,212.5,37.0
70,18,220.5,17.5
71,5,218.0,27.0
71,16,217.0,25.0
71,17,223.5,16.5
71,18,215.5,32.0
72,9,224.0,19.5
72,16,223.5,22.0
72,17,220.0,33.0
72,18,221.5,29.5
73,13,213.0,43.0
73,16,219.5,19.0
73,17,213.0,36.0
73,18,223.5,14.0
74,2,222.0,35.0
74,16,225.0,25.5
74,17,228.0,24.5
74,18,221.0,49.0
75,12,224.5,37.0
75,16,230.0,24.0
75,17,224.0,44.5
75,18,228.0,33.5
76,4,222.5,30.5
76,16,222.5,25.5
76,17,227.5,18.5
76,18,221.5,32.0
77,10,225.5,32.5
77,16,227.5,20.5
77,17,225.5,29.5
77,18,228.0,26.5
78,10,223.0,28.0
78,16,226.0,19.5
78,17,223.5,28.0
78,18,226.5,18.0
79,6,218.0,30.5
79,16,218.0,26.5
79,17,226.0,12.5
79,18,219.5,25.5
80,11,220.0,26.0
80,16,222.0,21.5
80,17,218.5,33.0
80,18,220.5,29.0
81,10,226.0,16.5
81,16,223.0,22.0
81,17,220.0,28.5
81,18,222.0,26.0
82,12,225.0,17.5
82,16,228.0,15.5
82,17,220.0,35.0
82,18,224.5,26.0
83,8,225.5,24.5
83,16,228.5,19.5
83,17,224.5,29.0
83,18,225.5,29.5
84,3,215.0,28.5
84,16,216.5,23.5
84,17,223.0,13.5
84,18,214.0,33.0
85,6,224.5,31.5
85,16,224.5,28.5
85,17,229.0,22.0
85,18,225.0,30.5
86,12,217.5,30.0
86,16,220.5,21.0
86,17,216.5,34.0
86,18,224.0,18.5
87,8,220.0,29.5
87,16,222.5,22.0
87,17,221.5,29.0
87,18,222.0,27.0
88,7,226.5,30.5
88,16,229.0,22.5
88,17,228.5,25.5
88,18,228.5,28.0
89,7,224.5,27.5
89,16,225.0,24.5
89,17,226.0,25.0
89,18,225.0,30.0
90,6,226.5,29.5
90,16,228.0,23.0
90,17,227.5,27.0
90,18,224.5,36.5
91,11,221.5,28.5
91,16,225.5,18.0
91,17,226.5,14.0
91,18,226.5,15.5
92,9,221.0,29.0
92,16,222.5,26.0
92,17,223.5,25.5
92,18,224.5,23.0
93,11,220.5,31.5
93,16,224.5,18.5
93,17,220.0,31.5
93,18,225.5,22.0
94,8,227.0,29.5
94,16,227.0,30.0
94,17,225.0,41.5
94,18,226.0,37.0
95,6,222.0,32.5
95,16,224.0,24.5
95,17,223.5,29.5
95,18,222.0,34.0
96,13,216.5,33.5
96,16,221.5,18.5
96,17,216.0,34.5
96,18,226.5,10.0
97,13,216.5,41.0
97,16,224.0,17.5
97,17,216.0,36.5
97,18,225.0,17.5
98,9,221.0,29.5
98,16,225.0,20.0
98,17,224.0,26.5
98,18,226.5,17.5
99,7,223.0,30.5
99,16,223.0,29.0
99,17,223.5,31.0
99,18,224.0,31.0
100,4,220.0,27.0
100,16,220.5,23.0
100,17,225.5,20.0
100,18,218.0,35.0
101,14,216.5,30.0
101,16,220.5,21.0
101,17,214.0,37.0
101,18,228.0,10.0
102,5,224.0,29.5
102,16,224.0,25.5
102,17,227.5,22.0
102,18,224.0,29.5
103,8,226.0,34.0
103,16,228.5,26.5
103,17,228.0,29.0
103,18,229.0,28.5
104,8,221.0,27.0
104,16,226.5,16.0
104,17,221.5,25.5
104,18,222.0,26.0
105,14,216.5,32.0
105,16,218.0,27.5
105,17,214.0,40.0
105,18,224.0,17.0
106,11,222.0,34.5
106,16,222.0,32.5
106,17,220.5,41.0
106,18,225.0,26.0
107,13,219.5,32.5
107,16,229.0,12.0
107,17,216.0,50.5
107,18,224.5,23.5
108,2,218.0,27.0
108,16,219.0,24.5
108,17,227.0,13.5
108,18,216.0,34.5
109,9,227.5,18.0
109,16,225.5,27.0
109,17,224.5,29.5
109,18,228.0,21.5
110,6,224.5,33.5
110,16,224.5,34.5
110,17,226.0,32.0
110,18,224.5,37.5
111,5,224.0,20.0
111,16,220.0,26.5
111,17,224.5,19.0
111,18,218.0,35.0
112,5,220.0,25.5
112,16,217.0,29.5
112,17,225.5,14.0
112,18,219.0,28.0
113,5,217.5,19.0
113,16,214.5,24.5
113,17,222.5,15.5
113,18,214.5,27.5
114,7,221.5,30.5
114,16,222.5,25.5
114,17,224.5,24.0
114,18,224.0,25.0
115,4,216.0,28.5
115,16,215.5,28.5
115,17,225.5,13.0
115,18,215.0,29.5
116,10,220.0,31.5
116,16,219.5,33.0
116,17,219.5,32.5
116,18,224.0,24.5
117,14,227.5,14.5
117,16,223.5,23.5
117,17,217.5,42.0
117,18,229.0,14.0
118,11,218.0,33.0
118,16,224.5,15.5
118,17,219.0,28.5
118,18,222.0,23.0
119,9,217.0,30.5
119,16,222.5,15.0
119,17,218.0,32.5
119,18,220.5,25.0
120,7,225.0,29.5
120,16,225.5,26.5
120,17,225.5,28.0
120,18,226.5,24.5
121,12,224.5,9.5
121,16,223.0,13.0
121,17,215.5,30.5
121,18,227.0,9.5
122,5,214.0,34.5
122,16,215.0,30.5
122,17,226.5,8.5
122,18,215.5,28.5
123,5,229.0,23.0
123,16,227.0,24.0
123,17,229.5,21.5
123,18,226.5,29.0
124,12,220.5,23.5
124,16,224.0,16.0
124,17,218.0,31.5
124,18,228.0,13.5
125,5,222.0,18.0
125,16,217.5,24.0
125,17,221.0,21.0
125,18,216.5,30.5
126,6,220.5,27.5
126,16,219.5,28.5
126,17,223.0,19.5
126,18,220.5,28.0
127,10,225.0,29.0
127,16,222.5,36.5
127,17,223.0,34.5
127,18,225.0,31.0
128,4,221.0,16.5
128,16,215.0,26.0
128,17,223.5,15.0
128,18,214.5,31.5
129,11,223.5,31.0
129,16,224.5,25.0
129,17,222.0,34.0
129,18,228.0,21.0
130,10,226.5,13.0
130,16,220.0,26.0
130,17,219.0,32.0
130,18,222.0,26.0
131,13,229.0,11.0
131,16,226.5,16.5
131,17,217.5,42.5
131,18,228.0,18.0
132,8,227.0,34.5
132,16,229.5,26.0
132,17,228.5,33.0
132,18,229.0,32.5
133,13,215.0,35.0
133,16,218.0,24.5
133,17,214.5,32.5
133,18,225.0,13.0
134,14,213.0,33.0
134,16,216.5,23.0
134,17,212.0,32.5
134,18,223.5,8.5
135,7,226.5,27.0
135,16,226.0,27.0
135,17,226.0,30.5
135,18,226.5,31.5
136,10,223.0,27.0
136,16,224.5,20.5
136,17,222.0,29.0
136,18,225.5,22.0
137,10,224.5,9.5
137,16,219.0,21.0
137,17,214.5,32.0
137,18,216.5,28.0
138,13,217.0,47.0
138,16,220.0,29.5
138,17,216.5,41.5
138,18,222.5,23.5
139,10,219.5,31.0
139,16,222.5,21.0
139,17,220.0,27.5
139,18,223.0,24.0
140,11,223.0,31.5
140,16,227.0,18.5
140,17,222.5,31.0
140,18,230.0,17.0
141,4,224.0,26.5
141,16,222.5,28.0
141,17,229.5,18.0
141,18,222.0,34.5
142,10,218.0,30.5
142,16,226.5,8.0
142,17,217.5,32.0
142,18,219.5,26.5
143,8,220.5,30.5
143,16,224.0,20.0
143,17,222.5,27.5
143,18,222.0,31.0
144,6,225.5,34.5
144,16,227.0,29.5
144,17,230.0,22.5
144,18,225.0,35.5
145,1,217.5,31.0
145,16,217.0,28.5
145,17,229.0,9.5
145,18,216.5,35.0
146,13,219.0,34.5
146,16,230.0,7.0
146,17,219.5,30.0
146,18,230.5,9.0
147,4,220.5,29.0
147,16,223.0,21.5
147,17,228.0,15.0
147,18,221.0,28.0
148,6,218.0,37.0
148,16,217.5,35.5
148,17,224.0,21.0
148,18,220.5,27.5
149,11,228.0,22.0
149,16,225.0,27.5
149,17,222.0,45.5
149,18,227.5,28.0
150,8,225.5,26.5
150,16,225.0,28.0
150,17,226.5,24.5
150,18,226.5,25.5
151,4,227.5,30.0
151,16,226.5,32.0
151,17,230.0,29.5
151,18,226.0,34.0
152,8,227.5,30.5
152,16,229.5,23.5
152,17,229.0,27.0
152,18,229.5,27.5
153,6,224.0,43.5
153,16,226.5,27.0
153,17,228.0,28.0
153,18,225.5,36.5
154,6,224.5,14.0
154,16,217.0,28.5
154,17,219.0,26.0
154,18,216.5,34.5
155,8,224.5,29.5
155,16,228.0,19.5
155,17,227.0,24.5
155,18,226.5,26.0
156,14,224.0,29.0
156,16,227.0,20.5
156,17,221.0,37.5
156,18,228.0,19.5
157,7,221.0,33.5
157,16,222.5,25.5
157,17,223.5,28.0
157,18,221.5,34.0
158,11,220.0,39.0
158,16,228.5,15.5
158,17,221.5,27.5
158,18,228.5,15.0
159,1,216.5,26.5
159,16,219.0,21.5
159,17,224.0,16.0
159,18,212.5,50.0
160,7,227.5,27.0
160,16,229.0,22.0
160,17,225.5,38.0
160,18,225.0,39.5
161,4,212.0,24.5
161,16,212.5,21.5
161,17,223.5,8.0
161,18,209.5,30.5
162,11,219.5,31.0
162,16,222.5,20.5
162,17,219.0,31.5
162,18,224.0,19.5
163,13,216.5,39.0
163,16,224.5,17.5
163,17,216.5,36.5
163,18,222.5,23.5
164,5,226.0,29.5
164,16,223.0,37.5
164,17,224.5,35.5
164,18,224.0,40.0
165,9,221.0,34.5
165,16,224.5,23.0
165,17,222.0,31.5
165,18,226.0,25.0
166,8,220.5,25.5
166,16,223.5,19.0
166,17,222.5,22.5
166,18,223.0,23.0
167,3,216.5,29.0
167,16,217.0,29.0
167,17,223.0,17.5
167,18,215.0,38.5
168,6,221.5,32.0
168,16,223.0,26.0
168,17,224.0,24.5
168,18,222.0,32.5
169,9,225.0,37.0
169,16,229.0,25.5
169,17,227.5,30.5
169,18,230.0,27.5
170,11,218.5,32.5
170,16,223.5,16.0
170,17,218.0,31.0
170,18,226.5,15.5
171,6,222.0,40.0
171,16,224.5,27.0
171,17,224.0,31.0
171,18,222.0,42.5
172,6,220.0,28.0
172,16,221.0,24.5
172,17,223.0,22.5
172,18,220.0,29.5
173,6,224.0,33.5
173,16,225.0,26.0
173,17,228.0,24.5
173,18,225.0,29.5
174,5,222.0,27.5
174,16,221.0,28.0
174,17,226.0,19.5
174,18,222.0,28.5
175,8,219.5,26.5
175,16,221.0,24.0
175,17,225.0,16.5
175,18,222.0,22.5
176,7,226.5,30.0
176,16,228.5,23.0
176,17,228.0,27.5
176,18,227.0,31.0
177,10,226.0,29.0
177,16,226.5,26.5
177,17,224.0,31.5
177,18,228.0,24.0
178,12,217.0,27.0
178,16,221.0,16.5
178,17,216.0,32.5
178,18,226.5,11.0
179,6,228.5,14.5
179,16,222.5,26.0
179,17,223.0,29.5
179,18,220.5,37.5
180,9,223.5,17.5
180,16,222.0,24.0
180,17,219.5,34.0
180,18,223.5,22.5
181,6,220.5,36.0
181,16,226.0,17.0
181,17,221.5,31.5
181,18,221.5,34.5
182,6,227.5,24.0
182,16,223.0,40.0
182,17,230.0,20.5
182,18,227.5,24.0
183,4,215.0,30.5
183,16,213.0,31.5
183,17,226.0,8.5
183,18,212.5,40.5
184,2,224.5,21.5
184,16,221.5,27.5
184,17,226.0,21.0
184,18,221.5,33.0
185,12,214.5,29.0
185,16,223.5,10.5
185,17,214.0,33.0
185,18,220.0,23.0
186,12,217.0,26.5
186,16,221.0,18.0
186,17,214.0,36.5
186,18,222.5,19.0
187,10,225.0,25.5
187,16,228.5,18.0
187,17,223.5,27.5
187,18,227.0,21.5
188,4,221.0,20.5
188,16,217.0,29.0
188,17,225.5,13.0
188,18,216.5,33.5
189,4,220.0,31.0
189,16,221.5,23.5
189,17,226.5,19.0
189,18,218.5,32.0
190,12,219.5,34.0
190,16,222.5,26.5
190,17,218.5,37.0
190,18,223.0,26.5
191,8,220.5,30.0
191,16,224.0,22.5
191,17,222.0,26.5
191,18,225.5,25.0
192,7,229.0,19.5
192,16,226.5,23.5
192,17,226.0,27.0
192,18,225.5,31.0
193,11,222.0,31.5
193,16,226.5,18.0
193,17,223.0,27.0
193,18,226.5,21.0
194,10,223.0,28.0
194,16,224.5,23.0
194,17,222.0,28.5
194,18,224.5,25.5
195,11,216.5,55.5
195,16,221.5,21.0
195,17,220.0,26.0
195,18,226.0,16.5
196,9,218.0,32.0
196,16,219.5,29.0
196,17,222.5,25.0
196,18,223.0,24.0
197,12,216.0,30.0
197,16,223.0,14.5
197,17,216.5,30.5
197,18,222.5,19.0
198,10,223.0,28.5
198,16,223.5,22.5
198,17,223.0,31.5
198,18,225.5,24.5
199,6,224.5,23.0
199,16,222.0,27.5
199,17,224.0,26.0
199,18,222.5,29.5
200,2,222.5,12.5
200,16,214.0,32.5
200,17,228.0,7.0
200,18,214.0,34.0
201,2,220.0,28.0
201,16,221.5,21.5
201,17,230.0,10.5
201,18,219.0,32.0
202,7,221.0,29.5
202,16,223.0,22.5
202,17,222.0,27.0
202,18,220.5,31.0
203,5,223.0,25.5
203,16,221.0,25.5
203,17,228.0,17.5
203,18,222.0,27.0
204,13,223.0,40.5
204,16,227.5,24.0
204,17,221.5,44.0
204,18,227.0,27.5
205,6,220.5,31.5
205,16,221.0,31.0
205,17,224.0,24.5
205,18,221.5,30.5
206,10,223.0,25.0
206,16,225.5,18.0
206,17,219.5,36.0
206,18,223.0,27.5
207,6,216.0,28.0
207,16,216.5,26.0
207,17,222.5,15.5
207,18,216.5,29.5
208,11,220.0,34.5
208,16,225.5,17.5
208,17,220.0,31.0
208,18,225.0,21.5
209,9,224.0,32.0
209,16,229.0,18.5
209,17,226.5,28.0
209,18,230.0,21.5
210,7,225.0,36.0
210,16,228.5,22.0
210,17,228.5,22.0
210,18,228.0,28.0
211,13,217.0,33.5
211,16,226.5,12.0
211,17,216.5,32.5
211,18,225.5,14.5
212,8,225.0,27.5
212,16,227.0,20.5
212,17,227.0,27.5
212,18,226.5,29.0
213,10,230.0,11.0
213,16,221.0,29.5
213,17,220.0,32.5
213,18,225.5,21.5
214,2,210.5,33.0
214,16,211.5,27.5
214,17,224.5,7.5
214,18,211.5,32.0
215,9,223.0,35.5
215,16,223.5,32.5
215,17,222.5,35.0
215,18,226.5,28.5
216,15,222.0,36.0
216,16,226.5,19.5
216,17,219.5,39.5
216,18,230.0,18.0
217,7,222.5,53.5
217,16,223.5,38.0
217,17,225.5,29.0
217,18,225.0,34.0
218,11,214.5,34.5
218,16,219.0,21.5
218,17,216.5,26.0
218,18,223.5,15.5
219,5,214.0,38.5
219,16,216.5,23.5
219,17,222.0,16.5
219,18,214.5,33.5
220,12,222.5,24.0
220,16,221.0,30.0
220,17,220.0,32.0
220,18,227.0,18.0
221,5,216.5,39.5
221,16,219.0,27.0
221,17,224.0,18.5
221,18,217.0,31.5
222,6,222.0,23.0
222,16,219.5,29.0
222,17,224.5,17.5
222,18,221.0,28.0
223,2,215.5,31.5
223,16,216.5,29.0
223,17,227.5,9.5
223,18,215.0,36.0
224,7,221.5,27.5
224,16,223.5,20.5
224,17,225.0,17.5
224,18,222.0,27.0
225,4,222.5,28.0
225,16,221.0,30.5
225,17,228.5,16.5
225,18,221.0,35.0
226,2,211.5,43.5
226,16,214.5,26.0
226,17,223.0,12.5
226,18,212.5,35.0
227,5,220.5,26.5
227,16,219.0,28.0
227,17,223.0,22.0
227,18,219.0,32.0
228,15,223.5,28.5
228,16,227.0,18.0
228,17,220.5,33.5
228,18,230.0,13.5
229,5,222.0,34.5
229,16,221.0,32.0
229,17,229.5,14.5
229,18,222.0,33.0
230,15,225.0,19.0
230,16,219.5,21.5
230,17,220.0,23.5
230,18,218.5,27.5
231,13,220.0,62.0
231,16,223.0,34.5
231,17,219.0,65.0
231,18,225.5,32.5
232,7,220.0,31.0
232,16,223.5,18.0
232,17,223.0,23.5
232,18,220.5,30.0
233,6,223.0,34.5
233,16,223.0,30.5
233,17,227.5,25.0
233,18,223.5,31.5
234,7,221.0,34.5
234,16,222.0,26.0
234,17,224.5,24.0
234,18,222.0,30.5
235,13,212.5,36.5
235,16,225.0,6.5
235,17,213.5,28.5
235,18,221.5,14.0
236,9,219.5,36.0
236,16,223.0,23.5
236,17,219.5,38.0
236,18,221.5,34.0
237,10,220.0,24.0
237,16,223.0,18.5
237,17,218.5,27.0
237,18,223.0,18.5
238,12,218.5,27.5
238,16,222.5,18.0
238,17,218.0,30.5
238,18,228.5,11.0
239,12,214.5,24.0
239,16,223.5,9.0
239,17,212.0,30.0
239,18,225.5,7.0
240,10,220.0,31.5
240,16,221.0,24.5
240,17,225.0,18.0
240,18,227.5,14.5
241,7,223.0,32.5
241,16,225.0,23.5
241,17,225.0,26.0
241,18,223.5,33.0
242,2,219.5,40.5
242,16,223.0,24.5
242,17,228.0,20.5
242,18,220.0,41.0
243,6,220.0,33.5
243,16,226.5,16.0
243,17,223.5,24.0
243,18,220.0,33.5
244,6,222.0,24.0
244,16,220.0,28.5
244,17,225.5,21.0
244,18,220.5,28.5
245,8,227.0,5.5
245,16,217.0,27.0
245,17,217.5,28.0
245,18,217.0,28.5
246,4,222.5,22.5
246,16,217.0,32.0
246,17,223.0,23.0
246,18,217.5,36.0
247,12,215.5,34.0
247,16,225.0,13.5
247,17,216.0,34.0
247,18,222.5,20.0
248,2,221.5,15.5
248,16,215.5,25.5
248,17,225.0,10.0
248,18,214.0,32.0
249,2,219.5,26.5
249,16,218.5,27.5
249,17,227.0,16.0
249,18,217.5,35.5
250,13,221.5,29.0
250,16,225.5,15.5
250,17,220.0,33.0
250,18,224.5,19.5
251,5,225.0,23.5
251,16,223.0,29.0
251,17,227.5,19.0
251,18,223.0,30.0
252,11,217.5,32.5
252,16,221.5,20.0
252,17,218.5,24.0
252,18,227.0,11.0
253,13,218.0,35.0
253,16,228.0,10.0
253,17,217.5,33.0
253,18,224.0,21.5
254,9,216.5,31.5
254,16,226.0,10.5
254,17,218.0,26.5
254,18,218.5,26.5
255,11,226.0,6.0
255,16,217.5,25.5
255,17,215.5,29.5
255,18,222.0,15.0
256,5,226.0,28.5
256,16,225.0,30.5
256,17,229.0,23.0
256,18,224.5,36.5
257,10,222.0,27.0
257,16,228.0,13.0
257,17,221.0,30.5
257,18,226.0,18.0
258,2,219.5,29.5
258,16,218.5,30.5
258,17,227.5,16.0
258,18,218.0,38.0
259,6,225.0,13.0
259,16,218.5,23.5
259,17,220.5,23.5
259,18,217.5,29.5
260,9,220.5,33.5
260,16,224.0,22.5
260,17,223.0,26.0
260,18,226.0,19.0
261,9,218.0,35.0
261,16,222.5,22.5
261,17,220.0,30.5
261,18,221.0,28.5
262,14,222.5,12.5
262,16,223.5,12.0
262,17,214.5,34.0
262,18,225.5,11.0
263,5,216.0,28.0
263,16,215.5,27.5
263,17,229.0,6.0
263,18,219.5,18.5
264,6,225.5,21.0
264,16,225.5,16.5
264,17,228.0,16.5
264,18,222.0,30.5
265,6,218.5,32.0
265,16,220.5,23.0
265,17,223.0,21.0
265,18,220.0,27.5
266,4,224.5,33.0
266,16,225.0,28.0
266,17,230.0,17.5
266,18,225.5,30.5
267,10,214.5,30.0
267,16,223.0,10.0
267,17,216.0,23.0
267,18,223.0,10.5
268,4,219.5,28.5
268,16,220.0,22.0
268,17,228.0,15.0
268,18,218.5,30.5
269,11,218.0,40.5
269,16,221.5,26.0
269,17,220.0,30.0
269,18,222.5,24.0
270,8,225.5,29.5
270,16,226.5,24.0
270,17,226.5,26.0
270,18,229.0,22.0
271,11,219.0,35.0
271,16,227.5,12.5
271,17,220.5,28.0
271,18,225.5,19.0
272,9,228.0,28.0
272,16,227.0,35.5
272,17,225.5,42.5
272,18,228.5,32.5
273,14,220.5,30.5
273,16,225.5,19.0
273,17,220.0,30.5
273,18,229.5,14.5
274,13,216.5,33.0
274,16,222.5,16.5
274,17,216.0,33.0
274,18,225.5,12.5
275,8,227.5,12.5
275,16,219.0,30.0
275,17,223.0,20.5
275,18,222.5,22.5
276,13,223.5,46.5
276,16,227.5,26.5
276,17,224.0,36.0
276,18,230.5,23.0
277,1,213.5,31.5
277,16,213.0,29.5
277,17,226.0,6.5
277,18,212.5,34.0
278,9,223.5,26.5
278,16,225.0,24.5
278,17,222.0,34.0
278,18,223.5,30.0
279,11,221.0,36.0
279,16,227.0,18.0
279,17,221.0,33.0
279,18,228.0,18.5
280,5,220.5,27.5
280,16,219.5,28.5
280,17,227.5,15.0
280,18,218.5,33.5
281,7,219.0,32.5
281,16,218.0,33.5
281,17,222.0,26.0
281,18,220.5,26.5
282,12,221.5,26.5
282,16,226.5,15.5
282,17,219.5,33.0
282,18,226.5,21.0
283,4,219.5,34.0
283,16,221.0,27.0
283,17,227.5,14.5
283,18,220.0,33.5
284,8,228.0,28.5
284,16,229.5,26.0
284,17,229.5,27.0
284,18,229.0,30.5
285,2,221.5,25.0
285,16,217.5,39.5
285,17,228.0,16.5
285,18,218.0,39.5
286,13,213.0,34.5
286,16,223.0,9.0
286,17,212.5,32.0
286,18,223.0,13.0
287,13,221.0,34.0
287,16,227.0,16.5
287,17,220.0,34.0
287,18,228.5,16.5
288,14,221.5,30.0
288,16,224.5,22.5
288,17,219.0,36.0
288,18,229.5,14.5
289,6,222.0,32.5
289,16,223.0,27.5
289,17,223.5,31.5
289,18,220.5,39.0
290,9,223.5,40.0
290,16,229.0,20.0
290,17,227.0,28.5
290,18,230.0,22.0
291,14,220.0,37.0
291,16,227.5,16.0
291,17,218.5,40.5
291,18,228.0,19.5
292,10,224.5,16.5
292,16,221.5,21.5
292,17,217.5,31.5
292,18,219.5,27.5
293,3,223.0,26.0
293,16,223.5,26.0
293,17,229.0,16.5
293,18,221.0,34.5
294,7,221.0,27.0
294,16,224.0,21.0
294,17,225.5,19.5
294,18,222.5,26.0
295,9,221.0,28.0
295,16,224.5,20.5
295,17,219.0,40.5
295,18,221.0,32.5
296,9,225.0,18.5
296,16,226.5,16.5
296,17,222.0,26.0
296,18,226.0,18.0
297,15,218.5,28.0
297,16,223.0,16.0
297,17,213.5,43.0
297,18,222.5,21.0
298,7,221.5,36.0
298,16,227.5,20.0
298,17,223.5,28.0
298,18,225.0,26.0
299,6,219.0,28.5
299,16,221.0,21.0
299,17,222.5,20.0
299,18,219.5,26.5
300,6,220.5,29.0
300,16,218.5,32.0
300,17,227.5,14.0
300,18,221.0,26.5
301,10,223.0,23.5
301,16,221.5,22.0
301,17,220.5,26.0
301,18,223.0,20.5
302,6,224.0,28.5
302,16,226.5,19.5
302,17,227.5,16.5
302,18,223.5,30.0
303,5,221.5,24.0
303,16,219.5,26.5
303,17,225.5,19.0
303,18,218.5,32.0
304,2,220.5,23.0
304,16,220.0,24.0
304,17,218.5,28.0
304,18,226.0,16.5
305,6,223.5,32.5
305,16,225.5,24.0
305,17,228.0,21.5
305,18,224.0,29.5
306,7,216.0,31.5
306,16,225.5,7.5
306,17,225.0,11.5
306,18,218.0,25.0
307,4,218.0,30.5
307,16,219.5,22.5
307,17,227.5,13.0
307,18,218.0,30.0
308,6,216.5,30.0
308,16,217.0,30.5
308,17,223.5,18.5
308,18,218.5,27.5
309,8,225.0,30.0
309,16,229.0,20.5
309,17,226.5,29.0
309,18,226.0,31.5
310,13,212.5,42.5
310,16,223.0,12.0
310,17,213.5,32.0
310,18,223.5,15.0
311,10,226.0,29.0
311,16,228.0,21.0
311,17,225.5,31.0
311,18,228.0,24.5
312,1,226.5,18.5
312,16,222.5,27.0
312,17,230.0,12.5
312,18,220.5,35.5
313,3,212.5,46.5
313,16,218.0,23.5
313,17,225.0,15.5
313,18,216.0,31.0
314,6,220.5,29.5
314,16,222.0,24.0
314,17,229.0,17.0
314,18,221.5,28.5
315,9,224.5,37.0
315,16,229.0,22.0
315,17,228.0,24.0
315,18,230.5,21.0
316,12,213.5,28.5
316,16,219.5,17.5
316,17,213.5,31.0
316,18,223.5,9.5
317,2,216.0,49.0
317,16,219.5,25.0
317,17,230.0,13.5
317,18,218.5,35.5
318,13,217.0,39.5
318,16,224.5,15.5
318,17,217.0,33.0
318,18,225.5,14.5
319,8,224.0,24.5
319,16,222.5,27.5
319,17,224.0,28.0
319,18,224.0,26.0
320,8,227.0,26.0
320,16,226.5,30.0
320,17,226.0,33.0
320,18,226.0,35.0
321,4,213.0,30.0
321,16,213.0,25.5
321,17,222.0,11.0
321,18,213.5,30.0
322,10,224.0,23.0
322,16,225.0,17.5
322,17,220.0,30.0
322,18,224.5,22.5
323,12,226.0,8.0
323,16,219.0,22.5
323,17,213.5,40.0
323,18,220.0,22.5
324,7,223.5,31.0
324,16,223.0,29.5
324,17,221.5,45.0
324,18,222.0,47.0
325,11,221.5,28.0
325,16,223.5,20.5
325,17,220.5,29.0
325,18,227.5,16.5
326,7,225.5,31.0
326,16,227.5,26.0
326,17,229.0,23.5
326,18,227.5,27.0
327,9,218.0,35.5
327,16,221.0,25.5
327,17,221.5,26.5
327,18,223.0,24.0
328,6,215.5,31.0
328,16,216.5,26.5
328,17,223.0,14.0
328,18,217.0,28.0
329,10,225.0,33.0
329,16,225.0,30.5
329,17,224.0,37.5
329,18,226.0,31.5
330,6,222.5,33.0
330,16,222.5,29.5
330,17,230.0,15.5
330,18,224.0,27.0
331,2,223.0,15.5
331,16,217.5,25.0
331,17,229.5,3.0
331,18,216.0,36.0
332,11,218.5,36.5
332,16,227.5,14.0
332,17,219.5,31.5
332,18,222.5,24.5
333,7,227.0,33.5
333,16,228.5,29.0
333,17,227.5,35.0
333,18,226.5,42.0
334,5,223.5,25.5
334,16,224.5,21.0
334,17,225.0,21.0
334,18,223.0,27.0
335,1,216.5,35.5
335,16,217.5,28.0
335,17,224.5,19.0
335,18,216.0,39.5
336,15,219.5,28.0
336,16,224.5,11.5
336,17,214.0,39.5
336,18,222.5,19.0
337,4,227.5,20.5
337,16,225.0,27.0
337,17,230.0,17.5
337,18,226.0,28.5
338,12,223.5,24.5
338,16,226.5,18.5
338,17,221.0,34.5
338,18,230.5,13.5
339,2,222.5,25.5
339,16,223.5,22.0
339,17,230.0,13.5
339,18,219.0,42.0
340,3,221.0,24.0
340,16,218.5,34.0
340,17,226.0,16.5
340,18,218.5,34.5
341,14,224.5,24.0
341,16,225.5,20.5
341,17,219.5,37.0
341,18,226.5,21.0
342,13,223.5,34.5
342,16,227.5,20.5
342,17,221.0,42.0
342,18,228.0,24.5
343,4,214.0,27.0
343,16,212.0,30.5
343,17,222.0,15.5
343,18,213.5,27.5
344,9,226.5,12.0
344,16,228.5,8.5
344,17,219.5,32.5
344,18,220.5,30.5
345,8,226.5,31.0
345,16,228.5,22.0
345,17,228.0,27.5
345,18,228.0,28.0
346,14,216.0,30.0
346,16,225.0,9.5
346,17,216.0,26.5
346,18,226.0,10.0
347,14,218.0,31.0
347,16,220.0,28.0
347,17,215.0,47.5
347,18,229.5,11.5
348,12,227.0,31.0
348,16,229.5,26.5
348,17,225.5,40.0
348,18,230.0,28.0
349,15,219.5,32.5
349,16,219.5,27.5
349,17,216.0,40.5
349,18,224.5,19.5
350,12,217.0,28.0
350,16,219.5,21.0
350,17,216.0,32.0
350,18,226.0,11.5
351,8,216.0,33.5
351,16,224.5,13.0
351,17,217.5,30.0
351,18,218.5,28.5
352,11,213.0,30.0
352,16,216.5,18.5
352,17,213.0,29.5
352,18,225.0,9.0
353,2,220.5,25.0
353,16,219.0,30.5
353,17,229.5,10.0
353,18,216.0,46.5
354,6,218.0,35.5
354,16,221.0,24.0
354,17,225.5,20.0
354,18,220.0,28.5
355,6,220.5,29.0
355,16,221.0,25.0
355,17,224.5,18.5
355,18,221.5,27.0
356,4,214.5,27.5
356,16,212.5,32.5
356,17,223.5,7.5
356,18,212.5,31.5
357,10,223.0,28.0
357,16,227.0,15.0
357,17,224.5,20.0
357,18,228.5,17.0
358,11,218.0,35.0
358,16,220.5,22.5
358,17,220.5,25.0
358,18,227.5,15.5
359,3,223.0,33.0
359,16,224.5,29.0
359,17,228.0,25.0
359,18,223.5,39.5
360,14,218.5,29.5
360,16,225.0,15.0
360,17,216.5,32.5
360,18,228.5,13.0
361,0,218.5,33.0
361,16,221.5,26.0
361,17,221.5,26.0
361,18,222.5,24.0
362,13,223.5,36.5
362,16,228.0,21.5
362,17,222.5,36.0
362,18,230.0,21.5
363,14,220.0,31.5
363,16,225.5,16.0
363,17,217.5,38.0
363,18,226.5,17.0
364,10,219.0,26.0
364,16,222.0,18.0
364,17,218.5,30.0
364,18,220.5,27.5
365,7,218.5,31.0
365,16,222.0,18.0
365,17,224.0,20.0
365,18,220.0,27.0
366,5,225.5,14.5
366,16,219.0,26.5
366,17,220.0,27.5
366,18,218.5,34.5
367,7,228.0,26.0
367,16,227.0,26.0
367,17,227.0,30.5
367,18,227.5,34.0
368,7,227.5,22.5
368,16,226.5,26.5
368,17,227.5,25.0
368,18,226.5,29.5
369,8,222.0,34.5
369,16,223.5,27.0
369,17,223.5,30.0
369,18,224.5,27.0
370,8,223.0,8.5
370,16,217.0,21.5
370,17,218.0,22.0
370,18,217.0,24.0
371,9,227.0,31.0
371,16,230.0,22.0
371,17,229.5,25.0
371,18,230.0,27.0
372,7,219.0,31.5
372,16,220.5,24.5
372,17,223.0,24.0
372,18,223.0,20.0
373,11,224.5,31.5
373,16,228.5,21.0
373,17,224.5,29.0
373,18,228.5,22.0
374,5,224.0,27.0
374,16,223.5,26.0
374,17,225.5,27.0
374,18,221.0,42.0
375,12,222.5,27.0
375,16,229.0,16.0
375,17,223.0,32.0
375,18,228.5,16.5
376,11,217.5,29.5
376,16,223.0,17.0
376,17,215.5,35.0
376,18,221.5,21.5
377,5,221.0,25.5
377,16,218.5,29.0
377,17,222.5,22.5
377,18,219.0,29.5
378,2,211.0,29.5
378,16,213.0,23.0
378,17,223.0,8.5
378,18,210.0,35.5
379,13,214.0,37.5
379,16,228.5,2.5
379,17,214.5,32.5
379,18,220.5,21.0
380,4,222.0,14.0
380,16,217.0,22.0
380,17,220.0,19.5
380,18,214.5,32.0
381,11,223.5,35.0
381,16,227.5,21.5
381,17,224.5,31.5
381,18,229.0,21.5
382,9,216.0,33.0
382,16,225.5,39.0
382,17,218.5,27.5
382,18,219.0,25.0
383,12,217.0,26.0
383,16,223.0,16.0
383,17,215.0,35.5
383,18,222.0,21.0
384,5,226.0,37.5
384,16,225.5,37.5
384,17,229.5,27.0
384,18,227.5,31.5
385,11,222.0,19.5
385,16,221.5,17.5
385,17,216.0,32.5
385,18,224.0,15.5
386,6,226.5,30.5
386,16,228.5,25.5
386,17,228.5,28.0
386,18,226.5,33.0
387,9,222.5,24.5
387,16,222.5,25.5
387,17,223.5,27.5
387,18,224.0,26.5
388,8,219.5,28.5
388,16,222.5,21.0
388,17,222.0,23.5
388,18,223.0,24.0
389,9,218.0,34.5
389,16,224.0,17.5
389,17,221.5,23.5
389,18,223.5,24.0
390,1,214.5,25.5
390,16,214.5,24.5
390,17,223.5,9.0
390,18,210.5,41.5
391,15,219.0,27.0
391,16,228.0,8.5
391,17,213.0,55.0
391,18,222.0,22.5
392,6,223.5,28.5
392,16,224.0,25.0
392,17,226.5,18.5
392,18,223.5,29.0
393,8,222.0,29.5
393,16,222.5,32.0
393,17,224.0,24.5
393,18,225.0,25.0
394,12,229.5,24.0
394,16,229.5,24.0
394,17,226.5,35.5
394,18,230.5,27.5
395,7,227.0,25.0
395,16,227.0,25.0
395,17,230.0,21.5
395,18,228.5,23.5
396,6,221.0,24.5
396,16,220.5,18.5
396,17,225.0,18.0
396,18,222.5,18.5
397,13,215.0,41.0
397,16,223.5,16.5
397,17,214.5,39.0
397,18,224.5,18.0
398,8,218.5,31.5
398,16,223.0,18.5
398,17,220.0,30.5
398,18,220.5,30.0
399,13,217.0,36.5
399,16,223.0,20.0
399,17,216.5,40.0
399,18,221.0,27.5
400,12,221.0,35.5
400,16,228.5,19.5
400,17,222.0,34.5
400,18,228.0,19.5
401,5,226.0,26.5
401,16,224.5,28.5
401,17,226.0,25.0
401,18,222.5,40.5
402,2,219.0,27.0
402,16,217.0,29.5
402,17,230.0,6.0
402,18,216.5,34.0
403,15,223.0,23.0
403,16,227.5,13.5
403,17,217.0,37.5
403,18,230.0,12.0
404,8,225.5,14.5
404,16,221.0,24.0
404,17,223.5,21.5
404,18,223.0,23.0
405,8,223.0,29.0
405,16,225.0,22.0
405,17,225.5,25.5
405,18,224.5,27.0
406,11,216.5,35.5
406,16,222.5,16.0
406,17,216.0,33.5
406,18,223.5,17.5
407,8,226.0,27.5
407,16,228.5,22.5
407,17,228.5,24.0
407,18,227.0,27.5
408,11,223.5,33.5
408,16,224.5,31.5
408,17,221.5,42.5
408,18,227.0,27.0
409,10,226.0,20.0
409,16,228.5,13.5
409,17,222.0,31.5
409,18,227.0,22.0
410,13,215.5,37.5
410,16,221.0,21.5
410,17,215.0,36.5
410,18,226.5,11.5
411,12,219.5,21.5
411,16,219.5,21.5
411,17,216.0,32.0
411,18,226.0,10.5
412,11,217.0,26.5
412,16,217.0,26.0
412,17,217.0,27.0
412,18,223.0,15.0
413,14,214.0,28.0
413,16,215.5,24.5
413,17,211.0,36.5
413,18,224.0,9.5
414,11,224.0,33.0
414,16,225.0,32.5
414,17,224.5,31.5
414,18,228.5,24.5
415,11,221.5,32.0
415,16,225.0,19.5
415,17,221.5,29.5
415,18,227.5,19.5
416,12,223.0,24.5
416,16,225.0,22.0
416,17,220.5,33.5
416,18,225.0,23.5
417,8,224.5,33.0
417,16,227.5,23.5
417,17,228.0,25.0
417,18,228.5,23.0
418,6,224.0,25.0
418,16,226.5,15.0
418,17,229.0,16.5
418,18,221.5,35.5
419,9,222.5,27.5
419,16,224.0,25.0
419,17,223.0,29.5
419,18,228.0,19.5
420,7,224.5,28.5
420,16,223.5,33.0
420,17,227.5,23.0
420,18,227.0,22.0
421,4,222.0,27.0
421,16,221.0,26.0
421,17,225.5,18.0
421,18,220.0,31.5
422,9,223.5,31.5
422,16,227.0,19.5
422,17,224.0,28.5
422,18,226.0,27.0
423,5,228.0,20.0
423,16,227.0,22.0
423,17,228.0,21.5
423,18,225.5,26.5
424,5,222.0,28.5
424,16,223.5,18.5
424,17,225.0,25.0
424,18,220.0,36.0
425,6,224.5,33.0
425,16,227.0,24.5
425,17,226.5,26.5
425,18,225.5,32.5
426,13,218.0,35.5
426,16,222.0,21.0
426,17,218.0,33.0
426,18,224.0,22.5
427,7,224.5,51.5
427,16,228.5,27.0
427,17,226.0,38.5
427,18,226.0,44.5
428,11,221.5,38.5
428,16,222.5,32.0
428,17,222.5,29.5
428,18,225.5,25.5
429,8,219.5,31.5
429,16,227.5,13.0
429,17,222.5,24.5
429,18,222.0,26.0
430,5,223.5,17.5
430,16,215.5,34.0
430,17,223.5,16.0
430,18,217.5,29.5
431,7,224.5,30.0
431,16,229.5,17.0
431,17,227.0,27.5
431,18,225.5,31.5
432,4,219.0,32.5
432,16,216.5,36.5
432,17,225.5,19.0
432,18,218.5,33.5
433,10,230.0,24.5
433,16,229.5,25.0
433,17,226.5,36.0
433,18,229.0,30.5
434,6,229.0,25.0
434,16,228.5,23.5
434,17,228.5,27.0
434,18,228.5,26.5
435,13,219.0,31.0
435,16,224.0,16.5
435,17,217.0,37.0
435,18,222.0,26.0
436,9,220.0,27.0
436,16,222.5,20.5
436,17,221.0,25.0
436,18,222.5,22.5
437,10,222.5,30.5
437,16,225.5,22.5
437,17,221.5,35.0
437,18,223.5,29.0
438,13,219.0,28.5
438,16,220.0,23.5
438,17,216.0,35.5
438,18,224.0,18.0
439,6,221.5,26.5
439,16,223.0,18.5
439,17,221.5,27.0
439,18,221.5,28.5
440,8,217.0,51.0
440,16,219.5,32.0
440,17,222.0,30.0
440,18,221.5,28.0
441,15,220.5,32.0
441,16,228.5,10.0
441,17,216.0,43.5
441,18,229.5,13.0
442,14,212.0,31.0
442,16,214.0,26.0
442,17,213.5,25.5
442,18,228.0,4.0
443,12,217.5,26.0
443,16,225.0,12.5
443,17,216.0,32.0
443,18,224.0,16.0
444,6,218.5,29.5
444,16,221.0,23.5
444,17,225.0,17.5
444,18,218.5,29.0
445,13,221.0,32.5
445,16,229.5,11.5
445,17,220.0,34.0
445,18,224.5,25.5
446,7,225.0,22.5
446,16,225.5,20.0
446,17,225.0,23.0
446,18,224.0,26.5
447,5,224.0,26.5
447,16,221.5,26.0
447,17,229.5,13.5
447,18,221.0,31.5
448,9,224.0,32.5
448,16,226.5,26.5
448,17,224.5,36.0
448,18,224.0,41.5
449,13,224.0,15.5
449,16,227.5,6.0
449,17,216.0,34.5
449,18,229.5,11.5
450,5,220.0,27.5
450,16,219.5,28.5
450,17,226.0,14.5
450,18,218.5,31.5
451,7,222.5,35.0
451,16,224.5,24.5
451,17,224.0,28.5
451,18,222.0,35.5
452,9,219.0,30.0
452,16,222.5,21.5
452,17,220.0,31.0
452,18,220.5,30.0
453,7,224.5,30.5
453,16,227.5,19.5
453,17,227.0,23.0
453,18,225.5,28.0
454,9,211.5,46.0
454,16,222.5,14.5
454,17,214.0,33.5
454,18,216.5,28.0
455,10,219.0,27.0
455,16,224.0,12.5
455,17,218.5,26.0
455,18,221.5,21.0
456,11,226.0,21.0
456,16,227.0,20.0
456,17,221.5,33.0
456,18,225.5,25.5
457,11,224.0,26.0
457,16,224.5,23.0
457,17,221.5,31.0
457,18,226.0,22.5
458,4,214.5,33.0
458,16,215.0,26.5
458,17,226.0,11.0
458,18,215.5,28.5
459,9,224.5,33.5
459,16,227.0,26.5
459,17,227.5,26.0
459,18,229.0,22.5
460,11,224.0,46.5
460,16,227.5,27.5
460,17,226.0,31.5
460,18,230.0,24.5
461,15,223.0,19.0
461,16,220.5,23.0
461,17,214.5,39.0
461,18,225.5,14.5
462,5,226.5,34.5
462,16,227.0,28.5
462,17,229.0,25.5
462,18,226.5,33.0
463,6,224.0,23.5
463,16,220.5,34.5
463,17,226.0,24.0
463,18,220.5,37.5
464,6,219.5,30.5
464,16,220.5,25.0
464,17,222.5,23.5
464,18,219.5,30.5
465,7,224.0,17.0
465,16,221.0,21.5
465,17,220.0,27.0
465,18,219.5,30.0
466,7,219.5,30.0
466,16,221.0,24.0
466,17,223.5,20.0
466,18,221.0,25.5
467,6,218.5,32.5
467,16,219.0,31.5
467,17,223.5,22.5
467,18,218.0,35.0
468,14,221.0,29.0
468,16,225.0,19.5
468,17,218.0,38.5
468,18,225.5,17.5
469,7,219.0,30.5
469,16,224.0,17.0
469,17,222.0,23.5
469,18,219.5,30.0
470,6,220.5,31.5
470,16,222.5,24.0
470,17,225.0,21.5
470,18,221.5,28.5
471,9,221.0,31.5
471,16,223.5,23.0
471,17,223.0,28.5
471,18,224.0,25.5
472,10,225.0,44.0
472,16,228.0,27.0
472,17,224.0,46.5
472,18,228.0,32.5
473,0,224.5,6.0
473,16,214.5,24.0
473,17,221.5,16.0
473,18,214.0,30.5
474,12,208.5,36.0
474,16,211.0,28.0
474,17,210.0,30.0
474,18,223.5,8.0
475,6,219.5,33.0
475,16,219.5,29.5
475,17,224.0,23.0
475,18,219.0,34.0
476,5,225.5,25.5
476,16,226.0,23.0
476,17,228.0,20.5
476,18,223.5,31.5
477,4,222.5,27.0
477,16,221.0,30.5
477,17,227.0,19.5
477,18,219.5,43.5
478,6,220.5,34.5
478,16,220.5,32.0
478,17,224.0,23.5
478,18,221.0,32.0
479,6,226.0,30.5
479,16,228.0,23.0
479,17,228.5,24.0
479,18,226.5,28.5
480,7,223.0,44.5
480,16,227.0,24.0
480,17,226.0,29.0
480,18,226.5,28.5
481,6,217.0,31.5
481,16,219.5,24.5
481,17,224.0,14.5
481,18,221.0,23.5
482,11,223.5,15.5
482,16,221.5,19.5
482,17,217.5,30.0
482,18,220.0,27.0
483,13,215.5,33.5
483,16,219.0,20.5
483,17,214.0,33.5
483,18,226.0,12.5
484,9,221.0,28.0
484,16,224.5,16.0
484,17,222.0,26.5
484,18,224.5,21.5
485,12,218.5,34.5
485,16,223.5,17.5
485,17,219.0,31.5
485,18,226.0,22.5
486,7,226.0,19.5
486,16,221.0,26.0
486,17,220.0,34.5
486,18,221.5,31.0
487,7,222.5,34.0
487,16,221.0,40.5
487,17,226.0,23.0
487,18,224.5,28.0
488,12,213.5,42.5
488,16,225.0,9.5
488,17,215.5,30.0
488,18,225.0,13.5
489,7,218.0,32.5
489,16,219.5,27.0
489,17,222.0,21.5
489,18,222.0,22.0
490,2,210.0,38.5
490,16,211.0,30.0
490,17,222.5,10.0
490,18,211.0,34.5
491,3,217.0,33.0
491,16,216.5,40.0
491,17,226.0,17.0
491,18,216.0,43.5
492,2,220.5,29.0
492,16,221.5,25.0
492,17,226.5,21.0
492,18,218.5,45.5
493,15,223.0,29.0
493,16,229.0,16.0
493,17,218.0,50.5
493,18,225.5,24.5
494,3,216.5,34.0
494,16,221.0,20.0
494,17,226.0,15.0
494,18,216.0,40.5
495,3,212.5,37.5
495,16,216.5,23.0
495,17,227.5,7.5
495,18,214.0,35.0
496,2,221.5,25.5
496,16,219.0,29.5
496,17,226.0,18.5
496,18,218.5,37.0
497,4,222.0,25.0
497,16,221.0,28.5
497,17,227.5,17.0
497,18,219.5,34.5
498,10,220.0,26.5
498,16,224.5,14.0
498,17,219.5,26.0
498,18,222.0,22.5
499,4,222.0,33.5
499,16,227.5,17.0
499,17,226.5,21.0
499,18,223.0,31.5
500,8,222.0,9.0
500,16,215.0,22.5
500,17,216.5,21.0
500,18,215.0,26.5
501,2,214.5,35.5
501,16,217.0,24.5
501,17,226.5,11.0
501,18,214.5,39.5
502,5,224.0,23.5
502,16,221.0,29.5
502,17,226.0,20.0
502,18,222.0,30.0
503,8,227.5,17.5
503,16,227.0,21.0
503,17,225.5,25.5
503,18,227.0,24.0
504,13,217.0,46.0
504,16,225.0,19.5
504,17,216.0,49.0
504,18,221.5,29.5
505,8,225.0,32.0
505,16,226.5,28.5
505,17,227.0,30.0
505,18,224.5,38.5
506,9,219.5,33.5
506,16,224.5,18.5
506,17,219.5,35.0
506,18,222.0,30.0
507,11,223.5,13.5
507,16,222.5,16.5
507,17,217.0,29.0
507,18,220.5,23.5
508,7,222.0,30.5
508,16,220.5,34.0
508,17,224.0,28.5
508,18,225.0,26.5
509,8,223.0,28.0
509,16,225.0,23.0
509,17,227.0,21.5
509,18,225.5,26.0
510,11,223.0,35.5
510,16,227.0,23.0
510,17,226.0,21.5
510,18,228.5,19.5
511,10,218.5,25.5
511,16,222.5,14.0
511,17,217.5,28.5
511,18,220.0,24.0
512,7,225.5,28.5
512,16,225.5,26.5
512,17,225.5,30.5
512,18,225.0,31.5
513,6,222.0,32.0
513,16,221.5,29.0
513,17,226.5,19.5
513,18,222.5,27.5
514,12,224.0,26.0
514,16,225.5,21.0
514,17,222.0,36.0
514,18,225.0,28.5
515,7,223.0,31.0
515,16,226.0,21.0
515,17,222.0,34.5
515,18,222.0,37.5
516,13,215.5,40.0
516,16,216.5,33.0
516,17,214.5,43.0
516,18,224.0,22.0
517,5,226.0,18.5
517,16,222.5,21.0
517,17,229.0,14.5
517,18,222.0,28.5
518,11,217.0,33.0
518,16,219.0,26.5
518,17,218.5,29.0
518,18,222.5,21.5
519,13,217.5,37.0
519,16,224.5,16.5
519,17,217.0,34.5
519,18,226.5,15.0
520,11,219.5,34.0
520,16,222.0,25.5
520,17,220.5,31.0
520,18,222.5,26.0
521,12,215.5,27.0
521,16,222.0,15.5
521,17,214.5,33.5
521,18,220.0,24.0
522,2,217.5,33.5
522,16,219.0,24.5
522,17,229.5,8.0
522,18,218.0,31.5
523,13,220.0,36.0
523,16,224.0,21.0
523,17,219.0,34.5
523,18,226.5,20.5
524,8,224.5,26.5
524,16,225.0,23.0
524,17,226.5,23.0
524,18,226.0,24.0
525,7,222.5,34.0
525,16,224.5,22.0
525,17,224.0,26.0
525,18,224.5,26.5
526,12,224.5,23.5
526,16,224.5,24.0
526,17,221.5,35.0
526,18,226.5,22.5
527,10,225.5,25.5
527,16,227.5,18.5
527,17,224.0,29.5
527,18,226.0,27.5
528,9,227.5,24.5
528,16,229.0,23.5
528,17,226.5,31.0
528,18,226.5,34.5
529,3,216.0,46.5
529,16,217.5,33.5
529,17,226.0,17.5
529,18,217.5,39.0
530,14,216.0,31.0
530,16,221.0,17.5
530,17,213.5,35.5
530,18,227.5,8.5
531,14,222.5,29.0
531,16,226.5,21.0
531,17,220.0,35.0
531,18,230.0,18.5
532,6,223.0,33.0
532,16,225.0,24.0
532,17,226.5,27.5
532,18,224.5,29.5
533,5,220.0,27.5
533,16,221.5,22.0
533,17,224.0,19.0
533,18,219.5,29.5
534,8,226.5,31.5
534,16,227.0,31.0
534,17,227.0,33.0
534,18,228.5,28.5
535,3,213.0,34.0
535,16,214.5,27.5
535,17,229.0,3.5
535,18,213.5,34.0
536,7,229.0,23.0
536,16,227.0,28.0
536,17,228.0,24.5
536,18,227.5,28.5
537,11,217.0,31.0
537,16,220.5,19.5
537,17,217.0,30.0
537,18,228.5,10.0
538,5,225.5,8.5
538,16,215.0,29.0
538,17,216.5,30.0
538,18,214.0,38.0
539,4,215.0,28.0
539,16,214.5,27.5
539,17,226.5,7.5
539,18,214.0,31.5
540,13,215.0,36.5
540,16,217.0,25.0
540,17,214.5,33.0
540,18,224.0,17.5
541,6,224.0,29.5
541,16,223.0,26.0
541,17,229.0,19.5
541,18,224.5,27.5
542,4,219.5,31.0
542,16,219.5,28.0
542,17,229.0,11.0
542,18,219.0,30.0
543,11,223.0,32.0
543,16,228.0,17.5
543,17,223.0,29.0
543,18,230.0,18.0
544,14,222.0,35.0
544,16,228.5,19.0
544,17,220.0,36.5
544,18,229.0,19.0
545,8,224.0,37.0
545,16,227.5,23.5
545,17,227.5,27.0
545,18,227.5,28.0
546,6,224.0,17.5
546,16,217.0,32.0
546,17,222.0,24.0
546,18,220.0,27.5
547,3,215.0,32.0
547,16,215.5,27.5
547,17,225.0,10.5
547,18,216.5,29.0
548,4,222.5,28.5
548,16,223.5,26.0
548,17,229.5,17.0
548,18,223.0,27.0
549,4,215.0,27.5
549,16,213.0,26.5
549,17,224.0,11.0
549,18,212.5,31.0
550,9,218.5,31.0
550,16,221.5,24.0
550,17,221.5,24.5
550,18,223.5,22.5
551,7,222.0,30.0
551,16,223.0,22.5
551,17,224.5,25.0
551,18,224.0,28.5
552,9,217.0,30.5
552,16,225.0,12.0
552,17,220.5,22.5
552,18,224.5,17.5
553,9,221.0,31.5
553,16,221.0,34.5
553,17,224.0,28.0
553,18,225.5,24.5
554,9,219.5,34.5
554,16,225.0,20.0
554,17,222.0,29.5
554,18,222.5,28.5
555,8,220.5,39.5
555,16,227.5,16.0
555,17,225.5,25.5
555,18,224.5,26.5
556,9,221.5,24.5
556,16,221.0,25.0
556,17,220.0,32.0
556,18,220.5,29.5
557,9,224.5,35.0
557,16,229.5,20.5
557,17,229.5,24.5
557,18,228.5,25.5
558,9,220.5,36.5
558,16,226.5,19.0
558,17,224.0,26.0
558,18,224.0,27.5
559,5,222.0,25.5
559,16,220.5,24.5
559,17,227.5,14.0
559,18,220.0,29.0
560,6,226.0,6.5
560,16,215.5,26.0
560,17,219.0,24.0
560,18,216.0,30.0
561,9,224.5,35.5
561,16,228.5,23.0
561,17,228.0,24.5
561,18,229.0,25.0
562,9,219.5,32.5
562,16,224.0,22.0
562,17,222.5,26.0
562,18,226.5,19.0
